nom,prixHT,description,photo
justo,332.15,Donec posuere metus vitae ipsum.,http://dummyimage.com/109x100.png/5fa2dd/ffffff
id,400.36,Vivamus vel nulla eget eros elementum pellentesque.,http://dummyimage.com/210x100.png/cc0000/ffffff
est,424.01,"Aliquam augue quam, sollicitudin vitae, consectetuer eget, rutrum at, lorem.",http://dummyimage.com/149x100.png/dddddd/000000
pharetra,623.74,Vestibulum sed magna at nunc commodo placerat.,http://dummyimage.com/217x100.png/5fa2dd/ffffff
rutrum,139.79,"Lorem ipsum dolor sit amet, consectetuer adipiscing elit.",http://dummyimage.com/137x100.png/dddddd/000000
nulla,155.61,In hac habitasse platea dictumst.,http://dummyimage.com/105x100.png/cc0000/ffffff
enim,378.79,"Lorem ipsum dolor sit amet, consectetuer adipiscing elit.",http://dummyimage.com/152x100.png/5fa2dd/ffffff
at turpis,266.26,Sed vel enim sit amet nunc viverra dapibus.,http://dummyimage.com/208x100.png/5fa2dd/ffffff
facilisi cras non,107.37,Curabitur in libero ut massa volutpat convallis.,http://dummyimage.com/121x100.png/dddddd/000000
eros viverra,693.9,Praesent lectus.,http://dummyimage.com/129x100.png/5fa2dd/ffffff
morbi sem,133.98,"Duis bibendum, felis sed interdum venenatis, turpis enim blandit mi, in porttitor pede justo eu massa.",http://dummyimage.com/159x100.png/cc0000/ffffff
fermentum donec,26.97,Praesent lectus.,http://dummyimage.com/101x100.png/ff4444/ffffff
pellentesque ultrices,904.06,Nulla mollis molestie lorem.,http://dummyimage.com/154x100.png/5fa2dd/ffffff
in ante,739.27,Quisque ut erat.,http://dummyimage.com/131x100.png/5fa2dd/ffffff
ac,700.31,Etiam vel augue.,http://dummyimage.com/183x100.png/5fa2dd/ffffff
tincidunt,315.18,Etiam faucibus cursus urna.,http://dummyimage.com/197x100.png/dddddd/000000
aliquam convallis,245.2,Nullam varius.,http://dummyimage.com/155x100.png/5fa2dd/ffffff
vel nisl,867.1,"Fusce lacus purus, aliquet at, feugiat non, pretium quis, lectus.",http://dummyimage.com/179x100.png/5fa2dd/ffffff
sollicitudin vitae consectetuer,226.72,Maecenas tincidunt lacus at velit.,http://dummyimage.com/202x100.png/5fa2dd/ffffff
magna,974.76,"Vestibulum ante ipsum primis in faucibus orci luctus et ultrices posuere cubilia Curae; Donec pharetra, magna vestibulum aliquet ultrices, erat tortor sollicitudin mi, sit amet lobortis sapien sapien non mi.",http://dummyimage.com/206x100.png/cc0000/ffffff
risus,959.75,Vestibulum ac est lacinia nisi venenatis tristique.,http://dummyimage.com/189x100.png/5fa2dd/ffffff
mauris morbi,665.92,Nulla nisl.,http://dummyimage.com/248x100.png/ff4444/ffffff
orci,301.52,Curabitur convallis.,http://dummyimage.com/213x100.png/dddddd/000000
nulla,754.59,Nulla nisl.,http://dummyimage.com/221x100.png/dddddd/000000
mollis molestie,934.66,In hac habitasse platea dictumst.,http://dummyimage.com/162x100.png/ff4444/ffffff
in blandit,412.77,Fusce posuere felis sed lacus.,http://dummyimage.com/163x100.png/cc0000/ffffff
quam sapien,109.19,Maecenas tincidunt lacus at velit.,http://dummyimage.com/219x100.png/5fa2dd/ffffff
libero,312.68,"Fusce lacus purus, aliquet at, feugiat non, pretium quis, lectus.",http://dummyimage.com/184x100.png/cc0000/ffffff
in purus eu,764.96,Nulla tempus.,http://dummyimage.com/166x100.png/ff4444/ffffff
sem,594.11,"Donec diam neque, vestibulum eget, vulputate ut, ultrices vel, augue.",http://dummyimage.com/125x100.png/5fa2dd/ffffff
sapien dignissim vestibulum,680.2,Curabitur at ipsum ac tellus semper interdum.,http://dummyimage.com/245x100.png/dddddd/000000
felis,55.12,Morbi a ipsum.,http://dummyimage.com/208x100.png/ff4444/ffffff
phasellus in felis,540.15,Nam tristique tortor eu pede.,http://dummyimage.com/104x100.png/5fa2dd/ffffff
ridiculus,79.07,"Vivamus metus arcu, adipiscing molestie, hendrerit at, vulputate vitae, nisl.",http://dummyimage.com/118x100.png/ff4444/ffffff
orci luctus,39.92,Nam dui.,http://dummyimage.com/152x100.png/ff4444/ffffff
nisl ut,31.69,Nullam molestie nibh in lectus.,http://dummyimage.com/169x100.png/dddddd/000000
feugiat et eros,409.3,Pellentesque eget nunc.,http://dummyimage.com/129x100.png/ff4444/ffffff
enim sit amet,491.05,In eleifend quam a odio.,http://dummyimage.com/165x100.png/dddddd/000000
sollicitudin mi sit,555.08,In hac habitasse platea dictumst.,http://dummyimage.com/111x100.png/ff4444/ffffff
vel dapibus,160.94,Curabitur at ipsum ac tellus semper interdum.,http://dummyimage.com/138x100.png/ff4444/ffffff
ridiculus mus etiam,44.85,Etiam pretium iaculis justo.,http://dummyimage.com/139x100.png/ff4444/ffffff
parturient montes nascetur,71.48,Etiam vel augue.,http://dummyimage.com/242x100.png/ff4444/ffffff
justo,682.85,Donec semper sapien a libero.,http://dummyimage.com/101x100.png/ff4444/ffffff
vitae ipsum,481.34,Duis ac nibh.,http://dummyimage.com/158x100.png/cc0000/ffffff
integer,463.94,Nullam molestie nibh in lectus.,http://dummyimage.com/125x100.png/dddddd/000000
penatibus,393.55,Suspendisse accumsan tortor quis turpis.,http://dummyimage.com/246x100.png/ff4444/ffffff
interdum,499.74,Nullam molestie nibh in lectus.,http://dummyimage.com/225x100.png/5fa2dd/ffffff
elementum pellentesque quisque,244.92,"Morbi vestibulum, velit id pretium iaculis, diam erat fermentum justo, nec condimentum neque sapien placerat ante.",http://dummyimage.com/179x100.png/ff4444/ffffff
aliquam quis,765.47,Quisque porta volutpat erat.,http://dummyimage.com/212x100.png/5fa2dd/ffffff
in,758.87,Morbi ut odio.,http://dummyimage.com/203x100.png/5fa2dd/ffffff